Nom,Prenom,Email,Present
Dupont,Jean,jean.dupont@email.com,False
Martin,Claire,claire.martin@email.com,False
Durand,Lucas,lucas.durand@email.com,False
Bernard,Julie,julie.bernard@email.com,False
Petit,Maxime,maxime.petit@email.com,False
Roux,Emma,emma.roux@email.com,False
Moreau,Léo,leo.moreau@email.com,False
Girard,Anna,anna.girard@email.com,False
Garnier,Noah,noah.garnier@email.com,False
Chevalier,Lina,lina.chevalier@email.com,False
